Date,City,Temperature,Humidity,WindSpeed,Rainfall,Pressure,Weather
2024-01-01,Delhi,19,90,8,2,998,Rainy
2024-01-01,Mumbai,21,60,7,20,1018,Thunderstorm
2024-01-01,Chennai,33,47,5,2,1020,Rainy
2024-01-01,Bengaluru,12,71,7,5,1009,Rainy
2024-01-01,Kolkata,23,94,6,0,999,Cloudy
2024-01-01,Hyderabad,32,83,21,1,997,Rainy
2024-01-01,Pune,19,42,9,20,1003,Thunderstorm
2024-01-01,Jaipur,25,60,4,8,1001,Rainy
2024-01-01,Lucknow,12,75,8,1,1002,Rainy
2024-01-01,Ahmedabad,16,55,9,1,998,Rainy
2024-01-01,Surat,37,95,9,2,1016,Rainy
2024-01-01,Kanpur,36,45,6,5,1005,Rainy
2024-01-01,Nagpur,22,61,11,1,1006,Rainy
2024-01-01,Indore,38,80,25,8,1008,Rainy
2024-01-01,Bhopal,27,90,5,12,1011,Thunderstorm
2024-01-01,Patna,21,59,12,8,996,Rainy
2024-01-01,Ranchi,20,85,7,5,1015,Rainy
2024-01-01,Raipur,17,50,14,0,1005,Sunny
2024-01-01,Chandigarh,25,45,13,5,1021,Rainy
2024-01-01,Dehradun,33,77,6,0,995,Fog
2024-01-01,Shimla,32,86,3,0,998,Sunny
2024-01-01,Srinagar,15,89,9,0,1006,Cloudy
2024-01-01,Jammu,32,71,12,1,1002,Rainy
2024-01-01,Amritsar,23,55,18,8,1016,Rainy
2024-01-01,Ludhiana,25,35,9,0,1009,Sunny
2024-01-01,Jodhpur,34,79,13,0,1005,Fog
2024-01-01,Udaipur,28,48,18,5,1002,Rainy
2024-01-01,Kota,26,79,18,2,1020,Rainy
2024-01-01,Agra,16,70,11,20,1018,Thunderstorm
2024-01-01,Varanasi,21,66,17,2,1007,Rainy
2024-01-01,Prayagraj,18,77,10,20,1021,Thunderstorm
2024-01-01,Noida,20,70,15,20,1020,Thunderstorm
2024-01-01,Gurugram,23,64,7,0,1002,Sunny
2024-01-01,Faridabad,13,42,21,1,1001,Rainy
2024-01-01,Ghaziabad,28,39,19,0,1004,Fog
2024-01-01,Meerut,38,59,7,5,1008,Rainy
2024-01-01,Haridwar,37,79,15,0,1001,Fog
2024-01-01,Rishikesh,15,68,11,20,1009,Thunderstorm
2024-01-01,Nainital,28,47,14,5,1006,Rainy
2024-01-01,Haldwani,31,87,15,12,1001,Thunderstorm
2024-01-01,Guwahati,15,81,9,2,998,Rainy
2024-01-01,Shillong,34,56,25,8,1005,Rainy
2024-01-01,Aizawl,20,93,18,5,1019,Rainy
2024-01-01,Imphal,16,67,18,0,1019,Cloudy
2024-01-01,Kohima,12,53,24,2,1015,Rainy
2024-01-01,Itanagar,33,88,18,12,1009,Thunderstorm
2024-01-01,Gangtok,22,66,22,12,995,Thunderstorm
2024-01-01,Bhubaneswar,31,36,11,1,1007,Rainy
2024-01-01,Cuttack,37,76,19,8,1004,Rainy
2024-01-01,Visakhapatnam,20,38,3,20,1021,Thunderstorm
2024-01-01,Vijayawada,23,39,24,8,1009,Rainy
2024-01-01,Tirupati,17,95,13,0,1016,Cloudy
2024-01-01,Madurai,30,60,19,1,996,Rainy
2024-01-01,Coimbatore,25,87,6,0,1014,Sunny
2024-01-01,Salem,12,58,12,8,1000,Rainy
2024-01-01,Mysuru,21,59,6,0,1014,Cloudy
2024-01-01,Mangaluru,26,72,19,0,1009,Fog
2024-01-01,Hubballi,31,93,21,12,1017,Thunderstorm
2024-01-01,Belagavi,36,52,20,0,1007,Cloudy
2024-01-01,Goa,17,44,14,2,998,Rainy
2024-01-01,Nashik,21,60,5,5,1006,Rainy
2024-01-01,Aurangabad,20,48,11,12,1021,Thunderstorm
2024-01-01,Kolhapur,13,55,17,0,1000,Sunny
2024-01-01,Solapur,33,95,25,2,1001,Rainy
2024-01-01,Jalgaon,29,91,11,5,1020,Rainy
2024-01-01,Akola,23,89,11,0,1000,Sunny
2024-01-01,Gwalior,17,74,5,1,1013,Rainy
2024-01-01,Jabalpur,22,79,13,0,998,Sunny
2024-01-01,Bilaspur,25,90,5,0,1008,Cloudy
2024-01-01,Durg,36,44,3,2,1007,Rainy
2024-01-01,Aligarh,29,50,23,8,996,Rainy
2024-01-01,Bareilly,31,38,20,0,1008,Fog
2024-01-01,Moradabad,24,65,14,2,996,Rainy
2024-01-01,Saharanpur,36,43,19,1,1001,Rainy
2024-01-01,Muzaffarnagar,17,89,15,20,999,Thunderstorm
2024-01-01,Roorkee,28,88,19,0,998,Cloudy
2024-01-01,Siliguri,38,80,14,1,1005,Rainy
2024-01-01,Dhanbad,27,53,7,5,1005,Rainy
2024-01-01,Bokaro,24,71,23,0,1004,Cloudy
2024-01-01,Asansol,28,64,5,0,1019,Fog
2024-01-01,Thane,29,88,20,12,1001,Thunderstorm
2024-01-01,Navi Mumbai,38,81,15,0,1003,Fog
2024-01-01,Panaji,21,68,16,8,1015,Rainy
2024-01-01,Kozhikode,29,42,20,5,1005,Rainy
2024-01-01,Thrissur,32,82,22,0,998,Cloudy
2024-01-01,Kochi,34,60,10,5,1004,Rainy
2024-01-01,Thiruvananthapuram,17,59,15,2,1008,Rainy
2024-01-01,Palakkad,28,52,20,20,1005,Thunderstorm
2024-01-01,Kollam,28,87,21,12,1015,Thunderstorm
2024-01-01,Kurnool,34,79,18,0,1012,Cloudy
2024-01-01,Warangal,17,62,15,2,1004,Rainy
2024-01-01,Nizamabad,22,73,21,8,1009,Rainy
2024-01-01,Anantapur,12,45,20,5,1016,Rainy
2024-01-01,Rajkot,20,69,6,1,1020,Rainy
2024-01-01,Bhavnagar,20,46,3,5,1004,Rainy
2024-01-01,Jamnagar,19,90,20,8,1021,Rainy
2024-01-01,Vadodara,21,46,17,20,1014,Thunderstorm
2024-01-01,Anand,27,81,6,0,1017,Cloudy
2024-01-01,Junagadh,25,91,12,0,1004,Sunny
2024-01-01,Porbandar,13,37,20,0,1010,Sunny
2024-01-02,Delhi,27,59,13,20,997,Thunderstorm
2024-01-02,Mumbai,23,53,13,5,1019,Rainy
2024-01-02,Chennai,38,64,12,5,1006,Rainy
2024-01-02,Bengaluru,14,50,10,2,1003,Rainy
2024-01-02,Kolkata,38,83,5,12,1009,Thunderstorm
2024-01-02,Hyderabad,30,69,4,0,1021,Cloudy
2024-01-02,Pune,16,59,22,0,1001,Sunny
2024-01-02,Jaipur,27,69,16,1,1012,Rainy
2024-01-02,Lucknow,15,74,16,0,1016,Fog
2024-01-02,Ahmedabad,29,58,25,0,999,Sunny
2024-01-02,Surat,35,90,24,0,1013,Fog
2024-01-02,Kanpur,15,54,14,8,997,Rainy
2024-01-02,Nagpur,29,86,10,12,1015,Thunderstorm
2024-01-02,Indore,30,53,11,5,996,Rainy
2024-01-02,Bhopal,17,44,22,0,1007,Fog
2024-01-02,Patna,25,53,14,12,1008,Thunderstorm
2024-01-02,Ranchi,37,66,3,8,1015,Rainy
2024-01-02,Raipur,37,55,4,0,1004,Fog
2024-01-02,Chandigarh,25,44,14,5,1010,Rainy
2024-01-02,Dehradun,14,70,8,1,995,Rainy
2024-01-02,Shimla,29,43,4,20,1004,Thunderstorm
2024-01-02,Srinagar,22,93,19,2,1012,Rainy
2024-01-02,Jammu,33,87,7,0,1022,Cloudy
2024-01-02,Amritsar,30,42,10,1,1015,Rainy
2024-01-02,Ludhiana,29,69,24,12,1004,Thunderstorm
2024-01-02,Jodhpur,15,68,13,0,1015,Fog
2024-01-02,Udaipur,31,78,11,0,1017,Cloudy
2024-01-02,Kota,25,47,8,12,1009,Thunderstorm
2024-01-02,Agra,28,62,4,12,1000,Thunderstorm
2024-01-02,Varanasi,33,46,7,12,1001,Thunderstorm
2024-01-02,Prayagraj,25,76,22,12,1017,Thunderstorm
2024-01-02,Noida,29,48,11,12,1002,Thunderstorm
2024-01-02,Gurugram,16,63,25,1,1010,Rainy
2024-01-02,Faridabad,14,64,23,1,1003,Rainy
2024-01-02,Ghaziabad,21,92,14,0,1004,Cloudy
2024-01-02,Meerut,22,69,15,0,998,Fog
2024-01-02,Haridwar,18,67,9,0,1014,Fog
2024-01-02,Rishikesh,37,57,21,0,1015,Cloudy
2024-01-02,Nainital,13,87,24,1,1011,Rainy
2024-01-02,Haldwani,23,75,19,12,1022,Thunderstorm
2024-01-02,Guwahati,13,79,11,5,1019,Rainy
2024-01-02,Shillong,30,79,5,5,1001,Rainy
2024-01-02,Aizawl,13,78,14,20,1007,Thunderstorm
2024-01-02,Imphal,20,84,20,1,1005,Rainy
2024-01-02,Kohima,19,36,5,2,1006,Rainy
2024-01-02,Itanagar,29,47,7,1,1017,Rainy
2024-01-02,Gangtok,28,45,23,12,1006,Thunderstorm
2024-01-02,Bhubaneswar,27,55,14,8,1003,Rainy
2024-01-02,Cuttack,29,42,25,2,1002,Rainy
2024-01-02,Visakhapatnam,35,91,13,0,1007,Cloudy
2024-01-02,Vijayawada,19,37,12,0,1003,Sunny
2024-01-02,Tirupati,38,36,17,0,1020,Sunny
2024-01-02,Madurai,24,48,6,2,1016,Rainy
2024-01-02,Coimbatore,21,65,22,8,1002,Rainy
2024-01-02,Salem,37,78,8,2,999,Rainy
2024-01-02,Mysuru,29,49,12,12,1020,Thunderstorm
2024-01-02,Mangaluru,30,83,14,8,1007,Rainy
2024-01-02,Hubballi,19,92,15,12,995,Thunderstorm
2024-01-02,Belagavi,22,81,23,0,1007,Sunny
2024-01-02,Goa,14,36,22,12,998,Thunderstorm
2024-01-02,Nashik,36,81,25,2,1018,Rainy
2024-01-02,Aurangabad,33,72,25,0,1022,Fog
2024-01-02,Kolhapur,29,77,3,20,1011,Thunderstorm
2024-01-02,Solapur,30,37,5,0,996,Cloudy
2024-01-02,Jalgaon,20,57,11,20,1015,Thunderstorm
2024-01-02,Akola,21,83,16,1,1003,Rainy
2024-01-02,Gwalior,36,45,15,20,998,Thunderstorm
2024-01-02,Jabalpur,17,42,15,2,997,Rainy
2024-01-02,Bilaspur,13,78,16,2,1001,Rainy
2024-01-02,Durg,16,47,14,1,1002,Rainy
2024-01-02,Aligarh,23,47,6,12,1021,Thunderstorm
2024-01-02,Bareilly,19,42,21,5,1012,Rainy
2024-01-02,Moradabad,38,82,21,2,1002,Rainy
2024-01-02,Saharanpur,20,58,9,8,1017,Rainy
2024-01-02,Muzaffarnagar,21,63,3,20,1008,Thunderstorm
2024-01-02,Roorkee,37,87,16,2,998,Rainy
2024-01-02,Siliguri,23,72,16,2,998,Rainy
2024-01-02,Dhanbad,13,61,5,2,1014,Rainy
2024-01-02,Bokaro,27,41,3,0,1010,Cloudy
2024-01-02,Asansol,17,73,18,5,1006,Rainy
2024-01-02,Thane,12,71,8,2,1016,Rainy
2024-01-02,Navi Mumbai,38,89,12,2,1013,Rainy
2024-01-02,Panaji,14,73,5,2,1021,Rainy
2024-01-02,Kozhikode,32,67,7,0,1004,Fog
2024-01-02,Thrissur,20,81,14,0,1012,Fog
2024-01-02,Kochi,20,55,13,8,1013,Rainy
2024-01-02,Thiruvananthapuram,36,93,22,0,998,Sunny
2024-01-02,Palakkad,22,90,19,1,1018,Rainy
2024-01-02,Kollam,37,63,5,8,1018,Rainy
2024-01-02,Kurnool,26,73,16,2,1016,Rainy
2024-01-02,Warangal,30,95,5,20,1007,Thunderstorm
2024-01-02,Nizamabad,13,75,4,5,1006,Rainy
2024-01-02,Anantapur,14,69,6,8,1002,Rainy
2024-01-02,Rajkot,15,50,18,8,1015,Rainy
2024-01-02,Bhavnagar,29,59,5,1,1000,Rainy
2024-01-02,Jamnagar,26,56,16,12,996,Thunderstorm
2024-01-02,Vadodara,24,56,18,1,1012,Rainy
2024-01-02,Anand,29,54,22,20,995,Thunderstorm
2024-01-02,Junagadh,27,65,12,5,995,Rainy
2024-01-02,Porbandar,15,42,12,5,1013,Rainy
2024-01-03,Delhi,34,90,4,8,1018,Rainy
2024-01-03,Mumbai,12,94,20,0,995,Fog
2024-01-03,Chennai,21,48,6,20,1000,Thunderstorm
2024-01-03,Bengaluru,36,56,6,2,1011,Rainy
2024-01-03,Kolkata,22,38,22,20,1020,Thunderstorm
2024-01-03,Hyderabad,38,38,25,20,1017,Thunderstorm
2024-01-03,Pune,21,80,18,8,998,Rainy
2024-01-03,Jaipur,12,90,25,1,1007,Rainy
2024-01-03,Lucknow,13,57,16,1,1000,Rainy
2024-01-03,Ahmedabad,15,75,25,12,1004,Thunderstorm
2024-01-03,Surat,23,42,5,1,1009,Rainy
2024-01-03,Kanpur,14,66,7,2,999,Rainy
2024-01-03,Nagpur,36,83,22,0,1019,Fog
2024-01-03,Indore,32,74,20,0,1000,Cloudy
2024-01-03,Bhopal,14,51,21,5,1006,Rainy
2024-01-03,Patna,34,47,16,5,1000,Rainy
2024-01-03,Ranchi,36,83,23,20,1010,Thunderstorm
2024-01-03,Raipur,36,58,7,5,1012,Rainy
2024-01-03,Chandigarh,31,93,13,0,997,Cloudy
2024-01-03,Dehradun,15,57,9,2,1010,Rainy
2024-01-03,Shimla,24,70,24,1,1008,Rainy
2024-01-03,Srinagar,38,93,6,8,1015,Rainy
2024-01-03,Jammu,13,80,20,20,997,Thunderstorm
2024-01-03,Amritsar,19,68,6,5,1002,Rainy
2024-01-03,Ludhiana,23,66,17,5,1022,Rainy
2024-01-03,Jodhpur,14,71,6,0,996,Fog
2024-01-03,Udaipur,30,73,13,12,1001,Thunderstorm
2024-01-03,Kota,29,89,9,5,1005,Rainy
2024-01-03,Agra,29,59,18,0,1017,Cloudy
2024-01-03,Varanasi,20,63,6,12,1015,Thunderstorm
2024-01-03,Prayagraj,36,67,14,0,1018,Cloudy
2024-01-03,Noida,24,60,11,20,1022,Thunderstorm
2024-01-03,Gurugram,36,39,3,1,1008,Rainy
2024-01-03,Faridabad,13,85,19,5,1000,Rainy
2024-01-03,Ghaziabad,32,85,22,0,997,Cloudy
2024-01-03,Meerut,32,41,24,12,1019,Thunderstorm
2024-01-03,Haridwar,19,74,11,1,1008,Rainy
2024-01-03,Rishikesh,35,72,6,12,1001,Thunderstorm
2024-01-03,Nainital,31,89,23,5,1020,Rainy
2024-01-03,Haldwani,26,47,12,5,1008,Rainy
2024-01-03,Guwahati,25,94,12,12,1004,Thunderstorm
2024-01-03,Shillong,37,45,24,0,1005,Sunny
2024-01-03,Aizawl,23,56,24,1,1015,Rainy
2024-01-03,Imphal,31,69,10,0,1013,Fog
2024-01-03,Kohima,18,79,10,5,1021,Rainy
2024-01-03,Itanagar,36,84,10,12,1014,Thunderstorm
2024-01-03,Gangtok,18,78,11,20,1021,Thunderstorm
2024-01-03,Bhubaneswar,36,89,19,5,1010,Rainy
2024-01-03,Cuttack,22,65,25,0,1019,Sunny
2024-01-03,Visakhapatnam,17,69,25,8,1007,Rainy
2024-01-03,Vijayawada,37,62,19,12,1009,Thunderstorm
2024-01-03,Tirupati,38,87,7,5,999,Rainy
2024-01-03,Madurai,19,79,25,0,1013,Fog
2024-01-03,Coimbatore,13,88,3,12,1020,Thunderstorm
2024-01-03,Salem,13,51,20,0,999,Fog
2024-01-03,Mysuru,14,55,20,20,996,Thunderstorm
2024-01-03,Mangaluru,30,46,11,0,1008,Fog
2024-01-03,Hubballi,12,87,4,2,1015,Rainy
2024-01-03,Belagavi,29,54,16,5,1002,Rainy
2024-01-03,Goa,13,82,18,0,1008,Cloudy
2024-01-03,Nashik,20,92,19,0,1001,Cloudy
2024-01-03,Aurangabad,20,92,20,2,1004,Rainy
2024-01-03,Kolhapur,24,60,21,20,995,Thunderstorm
2024-01-03,Solapur,16,93,24,2,1019,Rainy
2024-01-03,Jalgaon,28,38,11,0,1004,Cloudy
2024-01-03,Akola,12,71,17,20,1002,Thunderstorm
2024-01-03,Gwalior,18,55,21,1,999,Rainy
2024-01-03,Jabalpur,32,64,17,8,1006,Rainy
2024-01-03,Bilaspur,14,56,8,20,998,Thunderstorm
2024-01-03,Durg,17,35,7,5,999,Rainy
2024-01-03,Aligarh,18,43,5,8,998,Rainy
2024-01-03,Bareilly,16,93,5,12,1008,Thunderstorm
2024-01-03,Moradabad,14,47,20,20,1019,Thunderstorm
2024-01-03,Saharanpur,30,38,19,0,1022,Fog
2024-01-03,Muzaffarnagar,32,61,25,12,1012,Thunderstorm
2024-01-03,Roorkee,18,46,3,12,995,Thunderstorm
2024-01-03,Siliguri,16,41,19,20,1005,Thunderstorm
2024-01-03,Dhanbad,14,91,13,0,1001,Fog
2024-01-03,Bokaro,23,82,11,1,1004,Rainy
2024-01-03,Asansol,30,38,21,8,995,Rainy
2024-01-03,Thane,26,80,23,2,1005,Rainy
2024-01-03,Navi Mumbai,22,91,5,8,1003,Rainy
2024-01-03,Panaji,29,72,19,0,997,Sunny
2024-01-03,Kozhikode,12,71,20,8,1001,Rainy
2024-01-03,Thrissur,22,60,21,2,1004,Rainy
2024-01-03,Kochi,28,66,17,20,1011,Thunderstorm
2024-01-03,Thiruvananthapuram,38,54,22,5,1008,Rainy
2024-01-03,Palakkad,21,56,7,5,1007,Rainy
2024-01-03,Kollam,31,36,17,1,1003,Rainy
2024-01-03,Kurnool,12,79,20,20,996,Thunderstorm
2024-01-03,Warangal,12,36,23,8,1003,Rainy
2024-01-03,Nizamabad,20,84,3,2,1022,Rainy
2024-01-03,Anantapur,13,48,10,1,1008,Rainy
2024-01-03,Rajkot,21,40,5,1,1016,Rainy
2024-01-03,Bhavnagar,15,61,7,5,997,Rainy
2024-01-03,Jamnagar,33,38,12,1,1021,Rainy
2024-01-03,Vadodara,14,89,6,1,1004,Rainy
2024-01-03,Anand,20,79,5,20,997,Thunderstorm
2024-01-03,Junagadh,36,60,13,0,1007,Fog
2024-01-03,Porbandar,38,59,24,5,1003,Rainy
2024-01-04,Delhi,18,88,21,20,1016,Thunderstorm
2024-01-04,Mumbai,25,73,10,2,1007,Rainy
2024-01-04,Chennai,27,83,12,2,1001,Rainy
2024-01-04,Bengaluru,35,56,10,12,995,Thunderstorm
2024-01-04,Kolkata,37,58,3,0,1009,Sunny
2024-01-04,Hyderabad,37,89,14,2,1006,Rainy
2024-01-04,Pune,34,45,18,12,1007,Thunderstorm
2024-01-04,Jaipur,17,76,24,1,995,Rainy
2024-01-04,Lucknow,15,90,23,12,1007,Thunderstorm
2024-01-04,Ahmedabad,18,69,15,5,1004,Rainy
2024-01-04,Surat,36,44,20,2,1000,Rainy
2024-01-04,Kanpur,22,91,20,8,1001,Rainy
2024-01-04,Nagpur,12,59,11,8,1007,Rainy
2024-01-04,Indore,22,49,14,0,1022,Cloudy
2024-01-04,Bhopal,13,47,7,0,1012,Sunny
2024-01-04,Patna,23,44,21,12,1019,Thunderstorm
2024-01-04,Ranchi,13,56,15,8,1018,Rainy
2024-01-04,Raipur,19,36,21,0,1021,Sunny
2024-01-04,Chandigarh,24,66,3,1,997,Rainy
2024-01-04,Dehradun,12,36,4,0,997,Sunny
2024-01-04,Shimla,37,90,4,12,1014,Thunderstorm
2024-01-04,Srinagar,31,59,9,0,1011,Cloudy
2024-01-04,Jammu,17,66,25,5,1017,Rainy
2024-01-04,Amritsar,19,70,6,12,997,Thunderstorm
2024-01-04,Ludhiana,22,75,24,0,999,Fog
2024-01-04,Jodhpur,32,71,5,12,1021,Thunderstorm
2024-01-04,Udaipur,31,54,14,20,999,Thunderstorm
2024-01-04,Kota,28,55,14,5,1007,Rainy
2024-01-04,Agra,15,41,5,5,998,Rainy
2024-01-04,Varanasi,15,94,24,2,1017,Rainy
2024-01-04,Prayagraj,29,61,20,0,1021,Cloudy
2024-01-04,Noida,23,68,24,5,1014,Rainy
2024-01-04,Gurugram,15,90,5,12,1002,Thunderstorm
2024-01-04,Faridabad,14,37,21,12,1009,Thunderstorm
2024-01-04,Ghaziabad,22,55,19,0,1017,Sunny
2024-01-04,Meerut,26,35,3,0,1010,Sunny
2024-01-04,Haridwar,30,75,6,20,1007,Thunderstorm
2024-01-04,Rishikesh,19,67,19,0,1020,Cloudy
2024-01-04,Nainital,21,43,18,2,1015,Rainy
2024-01-04,Haldwani,36,51,3,0,1012,Sunny
2024-01-04,Guwahati,37,54,5,12,1003,Thunderstorm
2024-01-04,Shillong,37,73,20,12,1009,Thunderstorm
2024-01-04,Aizawl,21,92,3,2,1014,Rainy
2024-01-04,Imphal,30,43,18,5,1009,Rainy
2024-01-04,Kohima,18,91,18,2,995,Rainy
2024-01-04,Itanagar,36,55,5,0,1001,Fog
2024-01-04,Gangtok,34,87,23,1,1010,Rainy
2024-01-04,Bhubaneswar,16,89,22,0,1021,Cloudy
2024-01-04,Cuttack,14,70,15,5,1018,Rainy
2024-01-04,Visakhapatnam,24,66,6,12,995,Thunderstorm
2024-01-04,Vijayawada,32,61,13,5,998,Rainy
2024-01-04,Tirupati,23,46,13,1,1001,Rainy
2024-01-04,Madurai,12,91,20,0,999,Cloudy
2024-01-04,Coimbatore,14,57,17,12,997,Thunderstorm
2024-01-04,Salem,32,46,17,1,1006,Rainy
2024-01-04,Mysuru,32,91,20,20,1022,Thunderstorm
2024-01-04,Mangaluru,23,60,9,12,1015,Thunderstorm
2024-01-04,Hubballi,27,88,14,20,1019,Thunderstorm
2024-01-04,Belagavi,34,44,11,0,1022,Fog
2024-01-04,Goa,19,38,4,2,1004,Rainy
2024-01-04,Nashik,31,35,7,0,995,Sunny
2024-01-04,Aurangabad,26,85,4,0,996,Fog
2024-01-04,Kolhapur,26,70,16,12,1015,Thunderstorm
2024-01-04,Solapur,16,62,17,0,1008,Fog
2024-01-04,Jalgaon,20,47,25,0,1000,Fog
2024-01-04,Akola,19,69,15,12,998,Thunderstorm
2024-01-04,Gwalior,29,69,7,0,1008,Sunny
2024-01-04,Jabalpur,26,37,21,12,1010,Thunderstorm
2024-01-04,Bilaspur,15,65,7,0,1005,Sunny
2024-01-04,Durg,12,72,5,8,1011,Rainy
2024-01-04,Aligarh,37,77,16,0,1000,Sunny
2024-01-04,Bareilly,17,52,5,5,1009,Rainy
2024-01-04,Moradabad,23,44,19,20,1020,Thunderstorm
2024-01-04,Saharanpur,35,44,20,2,1014,Rainy
2024-01-04,Muzaffarnagar,38,70,7,20,1013,Thunderstorm
2024-01-04,Roorkee,22,71,16,20,997,Thunderstorm
2024-01-04,Siliguri,36,91,22,2,998,Rainy
2024-01-04,Dhanbad,27,72,22,2,1014,Rainy
2024-01-04,Bokaro,31,81,14,2,995,Rainy
2024-01-04,Asansol,16,46,7,1,1009,Rainy
2024-01-04,Thane,38,83,7,20,1021,Thunderstorm
2024-01-04,Navi Mumbai,17,73,11,0,1022,Cloudy
2024-01-04,Panaji,14,56,11,2,996,Rainy
2024-01-04,Kozhikode,20,86,22,5,1020,Rainy
2024-01-04,Thrissur,29,77,3,12,1014,Thunderstorm
2024-01-04,Kochi,33,78,15,2,1013,Rainy
2024-01-04,Thiruvananthapuram,23,35,23,0,1014,Fog
2024-01-04,Palakkad,31,43,13,12,1001,Thunderstorm
2024-01-04,Kollam,21,58,9,1,1020,Rainy
2024-01-04,Kurnool,14,40,5,0,1010,Cloudy
2024-01-04,Warangal,25,62,9,0,1016,Fog
2024-01-04,Nizamabad,12,85,4,2,1006,Rainy
2024-01-04,Anantapur,35,65,5,0,995,Sunny
2024-01-04,Rajkot,12,64,4,0,1013,Sunny
2024-01-04,Bhavnagar,19,77,16,8,1022,Rainy
2024-01-04,Jamnagar,38,56,21,1,1013,Rainy
2024-01-04,Vadodara,14,50,21,2,1018,Rainy
2024-01-04,Anand,16,82,15,2,1005,Rainy
2024-01-04,Junagadh,17,74,6,8,1012,Rainy
2024-01-04,Porbandar,19,65,14,2,1009,Rainy
2024-01-05,Delhi,36,56,16,0,1012,Cloudy
2024-01-05,Mumbai,33,81,19,5,1000,Rainy
2024-01-05,Chennai,34,40,6,12,998,Thunderstorm
2024-01-05,Bengaluru,22,84,8,5,1016,Rainy
2024-01-05,Kolkata,16,84,15,12,1019,Thunderstorm
2024-01-05,Hyderabad,35,50,22,12,1016,Thunderstorm
2024-01-05,Pune,31,36,7,0,1014,Cloudy
2024-01-05,Jaipur,35,83,24,20,1004,Thunderstorm
2024-01-05,Lucknow,12,49,11,8,1000,Rainy
2024-01-05,Ahmedabad,37,47,6,8,999,Rainy
2024-01-05,Surat,36,41,4,12,1006,Thunderstorm
2024-01-05,Kanpur,31,91,18,20,996,Thunderstorm
2024-01-05,Nagpur,38,72,25,0,996,Sunny
2024-01-05,Indore,12,84,20,0,1001,Cloudy
2024-01-05,Bhopal,33,66,24,0,995,Fog
2024-01-05,Patna,37,73,6,0,1002,Cloudy
2024-01-05,Ranchi,32,82,12,5,1013,Rainy
2024-01-05,Raipur,33,41,23,8,996,Rainy
2024-01-05,Chandigarh,37,70,9,8,1014,Rainy
2024-01-05,Dehradun,22,36,9,2,1019,Rainy
2024-01-05,Shimla,35,89,11,1,1019,Rainy
2024-01-05,Srinagar,23,91,18,5,1016,Rainy
2024-01-05,Jammu,29,73,6,0,1007,Cloudy
2024-01-05,Amritsar,37,78,23,8,1008,Rainy
2024-01-05,Ludhiana,37,40,12,2,1020,Rainy
2024-01-05,Jodhpur,15,82,11,12,1021,Thunderstorm
2024-01-05,Udaipur,16,76,18,0,998,Sunny
2024-01-05,Kota,36,83,14,0,1013,Cloudy
2024-01-05,Agra,38,76,21,1,1003,Rainy
2024-01-05,Varanasi,21,71,18,20,1009,Thunderstorm
2024-01-05,Prayagraj,16,50,20,1,997,Rainy
2024-01-05,Noida,14,87,15,20,1014,Thunderstorm
2024-01-05,Gurugram,38,75,3,12,1001,Thunderstorm
2024-01-05,Faridabad,21,89,18,0,1017,Cloudy
2024-01-05,Ghaziabad,27,81,5,8,1014,Rainy
2024-01-05,Meerut,22,45,9,2,1005,Rainy
2024-01-05,Haridwar,20,90,13,8,1022,Rainy
2024-01-05,Rishikesh,29,37,21,8,1001,Rainy
2024-01-05,Nainital,14,85,20,0,1003,Fog
2024-01-05,Haldwani,12,35,16,12,997,Thunderstorm
2024-01-05,Guwahati,15,47,5,20,1010,Thunderstorm
2024-01-05,Shillong,17,56,20,0,1017,Fog
2024-01-05,Aizawl,14,91,24,12,998,Thunderstorm
2024-01-05,Imphal,34,51,17,2,1001,Rainy
2024-01-05,Kohima,27,45,16,0,1022,Sunny
2024-01-05,Itanagar,12,48,6,8,1008,Rainy
2024-01-05,Gangtok,38,66,16,2,1004,Rainy
2024-01-05,Bhubaneswar,20,38,10,8,995,Rainy
2024-01-05,Cuttack,17,70,16,8,995,Rainy
2024-01-05,Visakhapatnam,27,54,10,0,1012,Fog
2024-01-05,Vijayawada,15,92,17,2,1016,Rainy
2024-01-05,Tirupati,15,57,22,0,1013,Sunny
2024-01-05,Madurai,19,81,7,2,1018,Rainy
2024-01-05,Coimbatore,19,79,7,5,1018,Rainy
2024-01-05,Salem,13,76,24,5,1017,Rainy
2024-01-05,Mysuru,16,80,8,20,1000,Thunderstorm
2024-01-05,Mangaluru,34,95,6,12,1002,Thunderstorm
2024-01-05,Hubballi,34,72,7,0,1022,Sunny
2024-01-05,Belagavi,20,44,7,20,1003,Thunderstorm
2024-01-05,Goa,33,72,11,0,1000,Sunny
2024-01-05,Nashik,36,53,4,8,1003,Rainy
2024-01-05,Aurangabad,30,49,17,1,1005,Rainy
2024-01-05,Kolhapur,27,59,21,2,1013,Rainy
2024-01-05,Solapur,25,77,16,0,1017,Fog
2024-01-05,Jalgaon,35,86,9,20,1006,Thunderstorm
2024-01-05,Akola,34,67,10,20,1015,Thunderstorm
2024-01-05,Gwalior,15,74,4,1,1005,Rainy
2024-01-05,Jabalpur,12,39,3,12,1007,Thunderstorm
2024-01-05,Bilaspur,15,79,4,0,1002,Cloudy
2024-01-05,Durg,21,68,12,5,1000,Rainy
2024-01-05,Aligarh,16,63,20,0,1004,Fog
2024-01-05,Bareilly,35,66,23,2,1015,Rainy
2024-01-05,Moradabad,17,59,4,8,1008,Rainy
2024-01-05,Saharanpur,12,57,5,1,1012,Rainy
2024-01-05,Muzaffarnagar,15,94,11,2,1016,Rainy
2024-01-05,Roorkee,14,62,22,0,1007,Fog
2024-01-05,Siliguri,17,61,15,2,1011,Rainy
2024-01-05,Dhanbad,35,45,15,0,996,Fog
2024-01-05,Bokaro,26,95,24,0,1019,Cloudy
2024-01-05,Asansol,29,87,5,12,996,Thunderstorm
2024-01-05,Thane,12,70,22,12,998,Thunderstorm
2024-01-05,Navi Mumbai,13,35,24,20,1004,Thunderstorm
2024-01-05,Panaji,13,74,9,2,995,Rainy
2024-01-05,Kozhikode,20,77,11,8,1004,Rainy
2024-01-05,Thrissur,35,47,22,8,1001,Rainy
2024-01-05,Kochi,14,55,19,1,1020,Rainy
2024-01-05,Thiruvananthapuram,28,52,25,0,1021,Fog
2024-01-05,Palakkad,37,39,10,5,1010,Rainy
2024-01-05,Kollam,32,46,16,20,1000,Thunderstorm
2024-01-05,Kurnool,33,42,10,12,1005,Thunderstorm
2024-01-05,Warangal,15,40,14,2,996,Rainy
2024-01-05,Nizamabad,22,76,14,0,997,Fog
2024-01-05,Anantapur,16,63,9,8,1016,Rainy
2024-01-05,Rajkot,31,93,5,2,1017,Rainy
2024-01-05,Bhavnagar,35,38,25,20,1008,Thunderstorm
2024-01-05,Jamnagar,32,68,23,0,1019,Fog
2024-01-05,Vadodara,31,92,13,0,1014,Fog
2024-01-05,Anand,30,81,6,8,1012,Rainy
2024-01-05,Junagadh,38,49,3,8,998,Rainy
2024-01-05,Porbandar,28,89,4,0,1010,Cloudy
2024-01-06,Delhi,28,37,11,5,1010,Rainy
2024-01-06,Mumbai,18,81,24,1,995,Rainy
2024-01-06,Chennai,20,90,7,1,1009,Rainy
2024-01-06,Bengaluru,36,92,6,2,1017,Rainy
2024-01-06,Kolkata,14,86,8,5,1018,Rainy
2024-01-06,Hyderabad,34,35,18,2,998,Rainy
2024-01-06,Pune,23,56,12,2,995,Rainy
2024-01-06,Jaipur,30,81,14,0,999,Sunny
2024-01-06,Lucknow,38,72,15,2,1001,Rainy
2024-01-06,Ahmedabad,34,72,13,8,1021,Rainy
2024-01-06,Surat,12,40,19,12,1001,Thunderstorm
2024-01-06,Kanpur,36,77,4,0,998,Cloudy
2024-01-06,Nagpur,22,49,18,0,1008,Cloudy
2024-01-06,Indore,28,64,20,12,1019,Thunderstorm
2024-01-06,Bhopal,23,74,16,0,995,Cloudy
2024-01-06,Patna,29,66,7,20,995,Thunderstorm
2024-01-06,Ranchi,30,68,13,5,999,Rainy
2024-01-06,Raipur,25,92,8,5,1021,Rainy
2024-01-06,Chandigarh,17,42,14,1,1019,Rainy
2024-01-06,Dehradun,23,71,23,1,1003,Rainy
2024-01-06,Shimla,14,59,17,20,1002,Thunderstorm
2024-01-06,Srinagar,15,51,14,0,1000,Cloudy
2024-01-06,Jammu,19,83,14,8,1022,Rainy
2024-01-06,Amritsar,33,86,23,0,1005,Fog
2024-01-06,Ludhiana,16,65,7,1,998,Rainy
2024-01-06,Jodhpur,30,62,15,0,1013,Cloudy
2024-01-06,Udaipur,15,87,20,12,1022,Thunderstorm
2024-01-06,Kota,37,76,14,8,1012,Rainy
2024-01-06,Agra,30,85,12,1,1022,Rainy
2024-01-06,Varanasi,37,87,24,0,1007,Fog
2024-01-06,Prayagraj,35,69,21,12,1012,Thunderstorm
2024-01-06,Noida,15,71,8,0,1001,Sunny
2024-01-06,Gurugram,35,46,16,8,1015,Rainy
2024-01-06,Faridabad,26,38,12,2,1001,Rainy
2024-01-06,Ghaziabad,33,65,14,20,1004,Thunderstorm
2024-01-06,Meerut,29,50,7,0,1000,Fog
2024-01-06,Haridwar,30,70,10,2,1007,Rainy
2024-01-06,Rishikesh,20,84,19,2,1009,Rainy
2024-01-06,Nainital,15,90,21,0,998,Sunny
2024-01-06,Haldwani,12,57,9,0,1000,Cloudy
2024-01-06,Guwahati,23,88,15,12,1010,Thunderstorm
2024-01-06,Shillong,13,47,12,5,1020,Rainy
2024-01-06,Aizawl,34,69,23,8,1001,Rainy
2024-01-06,Imphal,18,44,23,12,1022,Thunderstorm
2024-01-06,Kohima,34,60,15,5,1010,Rainy
2024-01-06,Itanagar,20,86,8,1,999,Rainy
2024-01-06,Gangtok,24,46,16,20,1011,Thunderstorm
2024-01-06,Bhubaneswar,37,73,19,0,1001,Sunny
2024-01-06,Cuttack,24,86,4,0,1000,Cloudy
2024-01-06,Visakhapatnam,31,88,6,0,1022,Sunny
2024-01-06,Vijayawada,30,40,19,12,1003,Thunderstorm
2024-01-06,Tirupati,38,95,3,5,1011,Rainy
2024-01-06,Madurai,21,80,8,5,1006,Rainy
2024-01-06,Coimbatore,21,82,14,5,1003,Rainy
2024-01-06,Salem,32,38,7,5,1010,Rainy
2024-01-06,Mysuru,16,79,18,20,1006,Thunderstorm
2024-01-06,Mangaluru,34,37,17,5,1003,Rainy
2024-01-06,Hubballi,36,35,4,12,1000,Thunderstorm
2024-01-06,Belagavi,15,44,3,20,1013,Thunderstorm
2024-01-06,Goa,25,94,19,0,1002,Fog
2024-01-06,Nashik,26,47,15,0,1021,Fog
2024-01-06,Aurangabad,13,56,17,0,1010,Fog
2024-01-06,Kolhapur,22,36,6,0,998,Cloudy
2024-01-06,Solapur,29,64,17,1,1017,Rainy
2024-01-06,Jalgaon,18,89,9,20,998,Thunderstorm
2024-01-06,Akola,18,44,16,0,1022,Sunny
2024-01-06,Gwalior,25,51,25,0,1002,Sunny
2024-01-06,Jabalpur,20,78,18,12,995,Thunderstorm
2024-01-06,Bilaspur,16,73,9,0,999,Sunny
2024-01-06,Durg,20,87,5,8,1014,Rainy
2024-01-06,Aligarh,28,43,25,12,1006,Thunderstorm
2024-01-06,Bareilly,38,56,5,20,995,Thunderstorm
2024-01-06,Moradabad,15,68,5,5,1011,Rainy
2024-01-06,Saharanpur,26,54,5,8,1005,Rainy
2024-01-06,Muzaffarnagar,26,47,18,2,1018,Rainy
2024-01-06,Roorkee,21,88,24,12,1007,Thunderstorm
2024-01-06,Siliguri,19,40,21,8,1011,Rainy
2024-01-06,Dhanbad,35,91,13,12,1004,Thunderstorm
2024-01-06,Bokaro,12,39,3,0,1003,Fog
2024-01-06,Asansol,28,84,4,2,1004,Rainy
2024-01-06,Thane,15,53,24,12,1002,Thunderstorm
2024-01-06,Navi Mumbai,24,37,13,5,1022,Rainy
2024-01-06,Panaji,32,71,10,5,997,Rainy
2024-01-06,Kozhikode,17,58,24,20,1014,Thunderstorm
2024-01-06,Thrissur,23,50,13,8,1020,Rainy
2024-01-06,Kochi,32,79,12,0,1010,Sunny
2024-01-06,Thiruvananthapuram,12,82,9,5,1006,Rainy
2024-01-06,Palakkad,19,65,12,1,1002,Rainy
2024-01-06,Kollam,17,59,18,12,1021,Thunderstorm
2024-01-06,Kurnool,33,81,14,0,1012,Sunny
2024-01-06,Warangal,19,63,4,5,1005,Rainy
2024-01-06,Nizamabad,22,64,12,20,1008,Thunderstorm
2024-01-06,Anantapur,32,87,8,5,1009,Rainy
2024-01-06,Rajkot,17,69,14,0,1006,Cloudy
2024-01-06,Bhavnagar,16,77,14,20,1006,Thunderstorm
2024-01-06,Jamnagar,35,71,18,8,1012,Rainy
2024-01-06,Vadodara,32,45,16,2,1005,Rainy
2024-01-06,Anand,25,82,5,20,997,Thunderstorm
2024-01-06,Junagadh,37,93,19,8,997,Rainy
2024-01-06,Porbandar,14,47,17,0,1019,Fog
2024-01-07,Delhi,29,61,13,0,1022,Cloudy
2024-01-07,Mumbai,24,64,15,12,1003,Thunderstorm
2024-01-07,Chennai,13,38,10,2,1020,Rainy
2024-01-07,Bengaluru,37,85,5,12,1012,Thunderstorm
2024-01-07,Kolkata,26,85,22,2,1014,Rainy
2024-01-07,Hyderabad,14,81,19,0,995,Fog
2024-01-07,Pune,17,86,4,2,1008,Rainy
2024-01-07,Jaipur,16,74,7,1,1006,Rainy
2024-01-07,Lucknow,22,64,25,20,1003,Thunderstorm
2024-01-07,Ahmedabad,14,55,25,8,1001,Rainy
2024-01-07,Surat,15,78,9,12,1015,Thunderstorm
2024-01-07,Kanpur,21,69,17,0,1002,Fog
2024-01-07,Nagpur,13,79,11,1,1008,Rainy
2024-01-07,Indore,17,73,22,12,1013,Thunderstorm
2024-01-07,Bhopal,17,52,15,0,1014,Cloudy
2024-01-07,Patna,36,56,13,8,1008,Rainy
2024-01-07,Ranchi,33,76,3,0,1013,Sunny
2024-01-07,Raipur,30,74,17,20,1018,Thunderstorm
2024-01-07,Chandigarh,34,56,17,12,1013,Thunderstorm
2024-01-07,Dehradun,15,78,4,8,1007,Rainy
2024-01-07,Shimla,23,40,11,0,1005,Cloudy
2024-01-07,Srinagar,29,49,25,20,1021,Thunderstorm
2024-01-07,Jammu,34,82,12,12,1000,Thunderstorm
2024-01-07,Amritsar,33,94,17,1,1016,Rainy
2024-01-07,Ludhiana,17,79,13,0,1003,Fog
2024-01-07,Jodhpur,34,66,19,1,1002,Rainy
2024-01-07,Udaipur,16,51,21,0,1003,Cloudy
2024-01-07,Kota,27,62,24,1,1012,Rainy
2024-01-07,Agra,33,40,16,0,1018,Cloudy
2024-01-07,Varanasi,24,92,12,12,1012,Thunderstorm
2024-01-07,Prayagraj,34,37,25,0,1004,Fog
2024-01-07,Noida,38,72,24,20,1014,Thunderstorm
2024-01-07,Gurugram,24,68,8,0,999,Cloudy
2024-01-07,Faridabad,34,63,3,2,1015,Rainy
2024-01-07,Ghaziabad,29,39,15,0,997,Sunny
2024-01-07,Meerut,27,57,13,2,1004,Rainy
2024-01-07,Haridwar,26,67,21,12,1021,Thunderstorm
2024-01-07,Rishikesh,36,41,16,20,1005,Thunderstorm
2024-01-07,Nainital,32,45,18,12,1021,Thunderstorm
2024-01-07,Haldwani,36,63,19,1,1012,Rainy
2024-01-07,Guwahati,37,89,23,20,1007,Thunderstorm
2024-01-07,Shillong,19,41,18,0,1021,Cloudy
2024-01-07,Aizawl,26,69,21,8,999,Rainy
2024-01-07,Imphal,18,71,15,2,1021,Rainy
2024-01-07,Kohima,30,47,16,5,1009,Rainy
2024-01-07,Itanagar,12,37,13,8,996,Rainy
2024-01-07,Gangtok,18,39,18,20,995,Thunderstorm
2024-01-07,Bhubaneswar,18,55,23,8,1015,Rainy
2024-01-07,Cuttack,34,92,13,5,1003,Rainy
2024-01-07,Visakhapatnam,23,56,24,0,1015,Cloudy
2024-01-07,Vijayawada,32,47,7,5,996,Rainy
2024-01-07,Tirupati,12,89,6,20,1007,Thunderstorm
2024-01-07,Madurai,35,92,23,5,997,Rainy
2024-01-07,Coimbatore,18,92,7,1,1005,Rainy
2024-01-07,Salem,22,53,8,0,1021,Fog
2024-01-07,Mysuru,21,77,21,8,1021,Rainy
2024-01-07,Mangaluru,17,88,10,8,996,Rainy
2024-01-07,Hubballi,19,69,18,5,997,Rainy
2024-01-07,Belagavi,29,69,10,5,1002,Rainy
2024-01-07,Goa,35,82,9,2,1001,Rainy
2024-01-07,Nashik,27,57,4,0,1010,Fog
2024-01-07,Aurangabad,14,42,20,12,1017,Thunderstorm
2024-01-07,Kolhapur,34,57,6,12,1001,Thunderstorm
2024-01-07,Solapur,25,71,6,0,1003,Fog
2024-01-07,Jalgaon,35,79,18,8,998,Rainy
2024-01-07,Akola,19,37,17,8,1000,Rainy
2024-01-07,Gwalior,28,63,11,20,1022,Thunderstorm
2024-01-07,Jabalpur,27,53,4,0,998,Fog
2024-01-07,Bilaspur,12,36,20,20,1001,Thunderstorm
2024-01-07,Durg,33,68,8,12,1018,Thunderstorm
2024-01-07,Aligarh,38,36,22,0,1013,Fog
2024-01-07,Bareilly,17,79,6,20,996,Thunderstorm
2024-01-07,Moradabad,26,91,6,8,1017,Rainy
2024-01-07,Saharanpur,22,45,18,2,996,Rainy
2024-01-07,Muzaffarnagar,24,94,25,0,1015,Fog
2024-01-07,Roorkee,16,72,23,1,1014,Rainy
2024-01-07,Siliguri,31,50,16,20,1020,Thunderstorm
2024-01-07,Dhanbad,30,48,7,2,997,Rainy
2024-01-07,Bokaro,30,51,22,2,1001,Rainy
2024-01-07,Asansol,18,88,4,12,1017,Thunderstorm
2024-01-07,Thane,35,65,8,8,1018,Rainy
2024-01-07,Navi Mumbai,27,65,5,8,1006,Rainy
2024-01-07,Panaji,35,39,14,8,1015,Rainy
2024-01-07,Kozhikode,25,39,16,2,1015,Rainy
2024-01-07,Thrissur,17,56,16,5,995,Rainy
2024-01-07,Kochi,34,63,22,0,1001,Sunny
2024-01-07,Thiruvananthapuram,19,94,11,20,1004,Thunderstorm
2024-01-07,Palakkad,13,90,11,20,1000,Thunderstorm
2024-01-07,Kollam,16,62,15,8,1017,Rainy
2024-01-07,Kurnool,20,37,11,8,999,Rainy
2024-01-07,Warangal,31,48,17,0,1021,Fog
2024-01-07,Nizamabad,37,40,14,1,1012,Rainy
2024-01-07,Anantapur,21,90,9,20,1002,Thunderstorm
2024-01-07,Rajkot,33,55,22,5,997,Rainy
2024-01-07,Bhavnagar,20,88,21,1,1012,Rainy
2024-01-07,Jamnagar,24,60,21,12,996,Thunderstorm
2024-01-07,Vadodara,19,85,24,2,1015,Rainy
2024-01-07,Anand,32,45,20,8,1018,Rainy
2024-01-07,Junagadh,15,42,8,20,1017,Thunderstorm
2024-01-07,Porbandar,26,85,3,20,1008,Thunderstorm
2024-01-08,Delhi,20,88,16,8,1016,Rainy
2024-01-08,Mumbai,28,42,16,20,1013,Thunderstorm
2024-01-08,Chennai,31,67,25,2,1002,Rainy
2024-01-08,Bengaluru,23,87,18,0,998,Cloudy
2024-01-08,Kolkata,18,70,4,1,1003,Rainy
2024-01-08,Hyderabad,15,73,24,5,998,Rainy
2024-01-08,Pune,23,56,24,0,1017,Fog
2024-01-08,Jaipur,24,67,3,1,1014,Rainy
2024-01-08,Lucknow,35,55,16,0,1011,Sunny
2024-01-08,Ahmedabad,32,78,7,0,1013,Cloudy
2024-01-08,Surat,18,87,16,20,1012,Thunderstorm
2024-01-08,Kanpur,14,82,20,12,1005,Thunderstorm
2024-01-08,Nagpur,15,77,18,1,1010,Rainy
2024-01-08,Indore,17,70,10,12,1015,Thunderstorm
2024-01-08,Bhopal,17,79,7,5,997,Rainy
2024-01-08,Patna,19,72,10,2,1003,Rainy
2024-01-08,Ranchi,19,70,16,1,1011,Rainy
2024-01-08,Raipur,20,57,14,12,999,Thunderstorm
2024-01-08,Chandigarh,16,53,6,12,1004,Thunderstorm
2024-01-08,Dehradun,24,81,9,12,998,Thunderstorm
2024-01-08,Shimla,12,65,5,5,1021,Rainy
2024-01-08,Srinagar,35,81,9,0,999,Fog
2024-01-08,Jammu,31,58,8,8,1011,Rainy
2024-01-08,Amritsar,19,59,11,12,1004,Thunderstorm
2024-01-08,Ludhiana,30,56,8,20,1005,Thunderstorm
2024-01-08,Jodhpur,26,66,17,0,996,Cloudy
2024-01-08,Udaipur,24,85,18,2,1020,Rainy
2024-01-08,Kota,21,56,9,5,1020,Rainy
2024-01-08,Agra,22,80,24,8,1006,Rainy
2024-01-08,Varanasi,29,53,23,0,1010,Cloudy
2024-01-08,Prayagraj,29,46,16,0,1009,Cloudy
2024-01-08,Noida,32,52,11,5,1014,Rainy
2024-01-08,Gurugram,14,37,25,0,1021,Fog
2024-01-08,Faridabad,28,44,4,0,1003,Fog
2024-01-08,Ghaziabad,27,95,9,20,1000,Thunderstorm
2024-01-08,Meerut,31,72,20,20,1016,Thunderstorm
2024-01-08,Haridwar,26,62,5,12,1008,Thunderstorm
2024-01-08,Rishikesh,20,55,7,0,1005,Sunny
2024-01-08,Nainital,18,77,24,0,1006,Fog
2024-01-08,Haldwani,38,55,17,5,1002,Rainy
2024-01-08,Guwahati,13,78,9,0,1013,Sunny
2024-01-08,Shillong,26,42,16,2,1005,Rainy
2024-01-08,Aizawl,26,53,12,0,1015,Cloudy
2024-01-08,Imphal,18,70,4,20,999,Thunderstorm
2024-01-08,Kohima,36,51,11,20,1021,Thunderstorm
2024-01-08,Itanagar,13,74,18,0,1000,Fog
2024-01-08,Gangtok,20,78,6,0,1019,Fog
2024-01-08,Bhubaneswar,15,92,19,2,1004,Rainy
2024-01-08,Cuttack,27,80,15,20,1019,Thunderstorm
2024-01-08,Visakhapatnam,20,56,19,2,1001,Rainy
2024-01-08,Vijayawada,29,87,21,0,996,Cloudy
2024-01-08,Tirupati,31,89,20,12,1001,Thunderstorm
2024-01-08,Madurai,26,81,20,2,1008,Rainy
2024-01-08,Coimbatore,17,59,5,0,1020,Sunny
2024-01-08,Salem,31,46,4,1,999,Rainy
2024-01-08,Mysuru,31,57,23,1,1021,Rainy
2024-01-08,Mangaluru,25,54,4,5,998,Rainy
2024-01-08,Hubballi,34,79,4,2,1000,Rainy
2024-01-08,Belagavi,35,80,20,0,997,Fog
2024-01-08,Goa,33,65,19,12,1011,Thunderstorm
2024-01-08,Nashik,36,73,21,20,997,Thunderstorm
2024-01-08,Aurangabad,38,83,7,0,1003,Fog
2024-01-08,Kolhapur,24,70,25,8,1017,Rainy
2024-01-08,Solapur,16,57,24,0,1008,Fog
2024-01-08,Jalgaon,34,63,15,0,1011,Cloudy
2024-01-08,Akola,25,80,7,0,1011,Fog
2024-01-08,Gwalior,38,39,17,5,1002,Rainy
2024-01-08,Jabalpur,33,61,24,0,1020,Fog
2024-01-08,Bilaspur,22,64,12,0,1022,Fog
2024-01-08,Durg,19,75,13,0,1021,Sunny
2024-01-08,Aligarh,37,57,10,12,999,Thunderstorm
2024-01-08,Bareilly,18,74,15,20,1020,Thunderstorm
2024-01-08,Moradabad,17,79,16,12,995,Thunderstorm
2024-01-08,Saharanpur,26,92,22,12,1006,Thunderstorm
2024-01-08,Muzaffarnagar,19,51,5,8,998,Rainy
2024-01-08,Roorkee,17,58,10,5,1002,Rainy
2024-01-08,Siliguri,14,50,15,0,1021,Cloudy
2024-01-08,Dhanbad,36,78,11,2,999,Rainy
2024-01-08,Bokaro,16,88,11,0,1008,Fog
2024-01-08,Asansol,18,75,17,12,997,Thunderstorm
2024-01-08,Thane,19,39,15,12,1011,Thunderstorm
2024-01-08,Navi Mumbai,22,54,15,2,1007,Rainy
2024-01-08,Panaji,16,78,17,5,1012,Rainy
2024-01-08,Kozhikode,19,73,3,2,1004,Rainy
2024-01-08,Thrissur,24,75,14,12,1017,Thunderstorm
2024-01-08,Kochi,19,55,21,0,1015,Fog
2024-01-08,Thiruvananthapuram,33,44,4,8,1015,Rainy
2024-01-08,Palakkad,18,51,11,8,1004,Rainy
2024-01-08,Kollam,18,95,15,0,1016,Fog
2024-01-08,Kurnool,32,89,14,0,1004,Sunny
2024-01-08,Warangal,21,44,9,1,1003,Rainy
2024-01-08,Nizamabad,35,42,13,8,1016,Rainy
2024-01-08,Anantapur,18,42,16,20,1009,Thunderstorm
2024-01-08,Rajkot,27,39,5,2,996,Rainy
2024-01-08,Bhavnagar,36,42,9,5,1001,Rainy
2024-01-08,Jamnagar,22,83,6,0,1020,Cloudy
2024-01-08,Vadodara,20,48,12,0,1005,Fog
2024-01-08,Anand,30,87,9,1,1007,Rainy
2024-01-08,Junagadh,17,69,7,0,1013,Cloudy
2024-01-08,Porbandar,19,71,12,1,997,Rainy
2024-01-09,Delhi,12,81,17,8,1005,Rainy
2024-01-09,Mumbai,17,76,24,5,1006,Rainy
2024-01-09,Chennai,23,39,5,2,1016,Rainy
2024-01-09,Bengaluru,13,65,17,1,1017,Rainy
2024-01-09,Kolkata,32,83,14,20,1003,Thunderstorm
2024-01-09,Hyderabad,26,81,17,12,1022,Thunderstorm
2024-01-09,Pune,20,87,24,0,1021,Sunny
2024-01-09,Jaipur,18,37,25,8,1017,Rainy
2024-01-09,Lucknow,20,93,19,12,1014,Thunderstorm
2024-01-09,Ahmedabad,18,77,16,0,997,Cloudy
2024-01-09,Surat,16,47,18,12,1022,Thunderstorm
2024-01-09,Kanpur,26,78,15,0,1000,Cloudy
2024-01-09,Nagpur,15,45,24,20,1007,Thunderstorm
2024-01-09,Indore,34,89,13,20,1004,Thunderstorm
2024-01-09,Bhopal,35,79,25,0,1009,Sunny
2024-01-09,Patna,22,61,12,5,1012,Rainy
2024-01-09,Ranchi,30,42,23,20,1000,Thunderstorm
2024-01-09,Raipur,25,47,22,8,1009,Rainy
2024-01-09,Chandigarh,18,56,4,12,996,Thunderstorm
2024-01-09,Dehradun,13,50,16,12,1008,Thunderstorm
2024-01-09,Shimla,25,66,19,12,1003,Thunderstorm
2024-01-09,Srinagar,32,77,13,12,1021,Thunderstorm
2024-01-09,Jammu,20,81,10,20,1018,Thunderstorm
2024-01-09,Amritsar,14,71,6,5,1015,Rainy
2024-01-09,Ludhiana,23,73,4,5,997,Rainy
2024-01-09,Jodhpur,37,79,24,20,1001,Thunderstorm
2024-01-09,Udaipur,28,64,25,20,1008,Thunderstorm
2024-01-09,Kota,16,50,17,20,1012,Thunderstorm
2024-01-09,Agra,18,43,4,0,999,Sunny
2024-01-09,Varanasi,23,79,23,0,1001,Cloudy
2024-01-09,Prayagraj,36,73,22,2,1021,Rainy
2024-01-09,Noida,22,88,24,12,1005,Thunderstorm
2024-01-09,Gurugram,15,91,25,1,1021,Rainy
2024-01-09,Faridabad,15,43,18,1,999,Rainy
2024-01-09,Ghaziabad,15,74,10,1,1000,Rainy
2024-01-09,Meerut,20,95,14,2,1022,Rainy
2024-01-09,Haridwar,38,95,7,12,1007,Thunderstorm
2024-01-09,Rishikesh,35,87,19,12,1021,Thunderstorm
2024-01-09,Nainital,33,54,9,8,1013,Rainy
2024-01-09,Haldwani,28,70,14,12,1001,Thunderstorm
2024-01-09,Guwahati,16,83,14,20,1012,Thunderstorm
2024-01-09,Shillong,12,75,8,5,1001,Rainy
2024-01-09,Aizawl,22,73,20,20,1014,Thunderstorm
2024-01-09,Imphal,33,47,24,0,995,Cloudy
2024-01-09,Kohima,21,69,25,0,1014,Fog
2024-01-09,Itanagar,23,89,3,2,1008,Rainy
2024-01-09,Gangtok,29,62,12,2,1010,Rainy
2024-01-09,Bhubaneswar,18,84,19,1,998,Rainy
2024-01-09,Cuttack,25,55,18,5,1009,Rainy
2024-01-09,Visakhapatnam,20,66,24,8,999,Rainy
2024-01-09,Vijayawada,26,53,6,5,1014,Rainy
2024-01-09,Tirupati,20,87,21,1,1007,Rainy
2024-01-09,Madurai,22,90,21,12,1005,Thunderstorm
2024-01-09,Coimbatore,13,56,11,5,996,Rainy
2024-01-09,Salem,16,52,11,0,1012,Sunny
2024-01-09,Mysuru,27,62,18,2,1005,Rainy
2024-01-09,Mangaluru,28,68,18,20,1008,Thunderstorm
2024-01-09,Hubballi,33,56,17,8,1022,Rainy
2024-01-09,Belagavi,17,36,6,20,1008,Thunderstorm
2024-01-09,Goa,31,86,6,12,1020,Thunderstorm
2024-01-09,Nashik,37,91,17,20,1006,Thunderstorm
2024-01-09,Aurangabad,14,55,8,12,1001,Thunderstorm
2024-01-09,Kolhapur,19,49,24,8,1011,Rainy
2024-01-09,Solapur,37,40,4,2,1002,Rainy
2024-01-09,Jalgaon,34,63,12,2,997,Rainy
2024-01-09,Akola,22,91,4,12,1017,Thunderstorm
2024-01-09,Gwalior,32,79,12,0,1020,Fog
2024-01-09,Jabalpur,21,70,20,12,1001,Thunderstorm
2024-01-09,Bilaspur,12,59,4,0,1008,Sunny
2024-01-09,Durg,28,89,8,8,1004,Rainy
2024-01-09,Aligarh,20,70,19,20,1020,Thunderstorm
2024-01-09,Bareilly,14,43,21,5,997,Rainy
2024-01-09,Moradabad,32,65,10,1,1020,Rainy
2024-01-09,Saharanpur,36,87,22,20,1019,Thunderstorm
2024-01-09,Muzaffarnagar,34,73,19,8,1016,Rainy
2024-01-09,Roorkee,14,54,8,2,1020,Rainy
2024-01-09,Siliguri,25,54,8,1,1007,Rainy
2024-01-09,Dhanbad,29,81,7,2,999,Rainy
2024-01-09,Bokaro,31,76,5,12,1014,Thunderstorm
2024-01-09,Asansol,14,72,15,12,1006,Thunderstorm
2024-01-09,Thane,24,95,5,12,1008,Thunderstorm
2024-01-09,Navi Mumbai,32,75,3,5,1021,Rainy
2024-01-09,Panaji,28,79,16,5,1022,Rainy
2024-01-09,Kozhikode,28,78,15,1,997,Rainy
2024-01-09,Thrissur,34,46,9,1,997,Rainy
2024-01-09,Kochi,35,79,20,12,1015,Thunderstorm
2024-01-09,Thiruvananthapuram,23,70,9,2,1010,Rainy
2024-01-09,Palakkad,26,94,20,0,999,Cloudy
2024-01-09,Kollam,21,93,17,1,1006,Rainy
2024-01-09,Kurnool,15,93,3,12,1011,Thunderstorm
2024-01-09,Warangal,37,90,14,0,1001,Cloudy
2024-01-09,Nizamabad,13,93,4,1,1009,Rainy
2024-01-09,Anantapur,28,79,11,5,998,Rainy
2024-01-09,Rajkot,35,71,11,2,995,Rainy
2024-01-09,Bhavnagar,30,80,15,20,1013,Thunderstorm
2024-01-09,Jamnagar,13,74,22,20,1007,Thunderstorm
2024-01-09,Vadodara,34,71,5,5,995,Rainy
2024-01-09,Anand,25,59,24,5,1016,Rainy
2024-01-09,Junagadh,31,56,3,8,999,Rainy
2024-01-09,Porbandar,37,38,12,0,1002,Sunny
2024-01-10,Delhi,38,45,4,5,1015,Rainy
2024-01-10,Mumbai,17,64,19,2,1013,Rainy
2024-01-10,Chennai,38,72,14,20,996,Thunderstorm
2024-01-10,Bengaluru,17,56,24,8,1009,Rainy
2024-01-10,Kolkata,16,47,13,0,1018,Fog
2024-01-10,Hyderabad,23,81,15,12,1010,Thunderstorm
2024-01-10,Pune,12,36,4,20,1005,Thunderstorm
2024-01-10,Jaipur,33,54,8,8,995,Rainy
2024-01-10,Lucknow,14,51,3,5,1001,Rainy
2024-01-10,Ahmedabad,19,53,20,20,1009,Thunderstorm
2024-01-10,Surat,16,90,5,20,998,Thunderstorm
2024-01-10,Kanpur,28,70,6,5,1018,Rainy
2024-01-10,Nagpur,29,59,19,1,999,Rainy
2024-01-10,Indore,19,59,15,0,1012,Fog
2024-01-10,Bhopal,20,66,3,0,996,Fog
2024-01-10,Patna,12,86,20,20,1016,Thunderstorm
2024-01-10,Ranchi,29,92,6,0,1001,Sunny
2024-01-10,Raipur,36,52,5,2,1001,Rainy
2024-01-10,Chandigarh,15,61,22,20,1020,Thunderstorm
2024-01-10,Dehradun,30,68,18,8,1002,Rainy
2024-01-10,Shimla,32,53,16,5,1012,Rainy
2024-01-10,Srinagar,28,43,14,20,998,Thunderstorm
2024-01-10,Jammu,31,47,21,2,998,Rainy
2024-01-10,Amritsar,15,62,25,8,1001,Rainy
2024-01-10,Ludhiana,21,89,13,12,1019,Thunderstorm
2024-01-10,Jodhpur,29,52,19,1,1009,Rainy
2024-01-10,Udaipur,15,83,6,0,1014,Cloudy
2024-01-10,Kota,24,87,14,20,998,Thunderstorm
2024-01-10,Agra,21,44,23,5,1016,Rainy
2024-01-10,Varanasi,32,41,13,20,1006,Thunderstorm
2024-01-10,Prayagraj,37,44,16,20,1017,Thunderstorm
2024-01-10,Noida,25,68,25,0,1022,Fog
2024-01-10,Gurugram,31,58,5,0,1013,Fog
2024-01-10,Faridabad,27,73,20,12,1022,Thunderstorm
2024-01-10,Ghaziabad,37,88,22,2,1009,Rainy
2024-01-10,Meerut,30,81,18,1,1019,Rainy
2024-01-10,Haridwar,13,75,5,20,1019,Thunderstorm
2024-01-10,Rishikesh,29,44,12,2,999,Rainy
2024-01-10,Nainital,32,88,14,0,1013,Sunny
2024-01-10,Haldwani,20,85,23,0,1005,Fog
2024-01-10,Guwahati,19,81,17,8,1021,Rainy
2024-01-10,Shillong,27,90,7,2,1016,Rainy
2024-01-10,Aizawl,24,94,12,12,1014,Thunderstorm
2024-01-10,Imphal,15,55,6,2,997,Rainy
2024-01-10,Kohima,33,61,14,0,1002,Sunny
2024-01-10,Itanagar,31,59,7,0,998,Sunny
2024-01-10,Gangtok,37,71,15,0,1014,Fog
2024-01-10,Bhubaneswar,31,92,5,8,1012,Rainy
2024-01-10,Cuttack,15,82,23,2,1012,Rainy
2024-01-10,Visakhapatnam,17,77,20,0,1016,Sunny
2024-01-10,Vijayawada,25,82,6,2,1016,Rainy
2024-01-10,Tirupati,32,39,10,0,1007,Fog
2024-01-10,Madurai,31,54,21,8,1021,Rainy
2024-01-10,Coimbatore,35,82,22,1,999,Rainy
2024-01-10,Salem,37,82,16,20,1010,Thunderstorm
2024-01-10,Mysuru,12,90,19,5,998,Rainy
2024-01-10,Mangaluru,36,51,9,0,996,Sunny
2024-01-10,Hubballi,25,81,22,0,1000,Cloudy
2024-01-10,Belagavi,36,77,22,12,999,Thunderstorm
2024-01-10,Goa,23,41,5,1,995,Rainy
2024-01-10,Nashik,28,38,5,12,1018,Thunderstorm
2024-01-10,Aurangabad,33,93,12,1,1001,Rainy
2024-01-10,Kolhapur,29,51,5,1,1008,Rainy
2024-01-10,Solapur,34,74,17,0,1005,Fog
2024-01-10,Jalgaon,29,46,25,2,1002,Rainy
2024-01-10,Akola,23,87,9,2,1001,Rainy
2024-01-10,Gwalior,12,50,3,0,1016,Cloudy
2024-01-10,Jabalpur,23,79,8,0,1018,Sunny
2024-01-10,Bilaspur,21,77,12,5,1003,Rainy
2024-01-10,Durg,21,89,22,1,1019,Rainy
2024-01-10,Aligarh,16,57,19,0,1011,Cloudy
2024-01-10,Bareilly,13,84,22,5,1007,Rainy
2024-01-10,Moradabad,38,86,19,12,1005,Thunderstorm
2024-01-10,Saharanpur,32,51,24,0,1004,Cloudy
2024-01-10,Muzaffarnagar,14,70,5,20,1019,Thunderstorm
2024-01-10,Roorkee,14,46,5,0,999,Cloudy
2024-01-10,Siliguri,26,48,7,1,999,Rainy
2024-01-10,Dhanbad,37,40,15,8,1017,Rainy
2024-01-10,Bokaro,20,37,23,12,1022,Thunderstorm
2024-01-10,Asansol,19,35,14,0,1012,Sunny
2024-01-10,Thane,34,74,21,2,1020,Rainy
2024-01-10,Navi Mumbai,19,81,23,0,1011,Sunny
2024-01-10,Panaji,17,43,19,20,1005,Thunderstorm
2024-01-10,Kozhikode,30,89,5,1,1003,Rainy
2024-01-10,Thrissur,24,64,20,12,999,Thunderstorm
2024-01-10,Kochi,32,91,5,8,1009,Rainy
2024-01-10,Thiruvananthapuram,17,41,10,1,1006,Rainy
2024-01-10,Palakkad,25,56,11,2,998,Rainy
2024-01-10,Kollam,13,91,11,5,1013,Rainy
2024-01-10,Kurnool,20,69,21,2,1006,Rainy
2024-01-10,Warangal,23,40,25,2,1005,Rainy
2024-01-10,Nizamabad,33,92,23,2,995,Rainy
2024-01-10,Anantapur,38,94,22,12,998,Thunderstorm
2024-01-10,Rajkot,34,53,18,2,1001,Rainy
2024-01-10,Bhavnagar,34,52,9,0,1020,Sunny
2024-01-10,Jamnagar,33,46,10,20,1006,Thunderstorm
2024-01-10,Vadodara,38,50,15,5,1017,Rainy
2024-01-10,Anand,32,68,11,2,1002,Rainy
2024-01-10,Junagadh,12,88,20,2,1011,Rainy
2024-01-10,Porbandar,16,84,25,2,1006,Rainy
